Flight #,Launch Date (UTC),Vehicle,Mission Name,Customer(s),Customer Disclosure,Launch Site,Dedicated / Rideshare,Outcome,Recovery,Contract Announcement Date,Revenue - Disclosed ($),Revenue - Estimated ($),Direct Mission Costs ($),Sources,Notes
1,2017-05-25 04:20 UTC,Electron,It's a Test,Rocket Lab (flight test),Disclosed,"LC-1A (Mahia, NZ)",Dedicated (test flight),Failure,None attempted,,,,,https://en.wikipedia.org/wiki/List_of_Electron_launches | https://spaceflightnow.com/2017/05/25/maiden-flight-of-rocket-labs-small-satellite-launcher-reaches-space/ | https://web.archive.org/web/20231204105046/https://spaceflightnow.com/2017/05/25/maiden-flight-of-rocket-labs-small-satellite-launcher-reaches-space/,"The rocket successfully launched and performed first stage separation and fairing separation. After reaching an altitude of about 224 km (planned 500 km at 85° inclination), the telemetry feed to the range safety officer was lost and the rocket was destroyed by range safety officer. Post-flight analysis determined the issue to be a simple ground software failure rather than a problem with the rocket. The ground software issue was found to be a contractor's failure to enable forward error correction on their hardware leading to data corruption. Rocket Lab made no changes to the Electron vehicle and instead implemented adjustment to procedures to prevent similar problems. Destination: 500 km, 85° LEO [Rev basis: maiden flight test, no customer revenue; see README]"
2,2018-01-21 01:43 UTC,Electron,Still Testing,Planet Labs; Spire Global,Disclosed,"LC-1A (Mahia, NZ)",Rideshare,Success,None attempted,,,5000000,,https://en.wikipedia.org/wiki/List_of_Electron_launches | https://spaceflightnow.com/2018/01/21/rocket-lab-delivers-nanosatellites-to-orbit-on-first-successful-test-launch/ | https://web.archive.org/web/20230928013057/https://spaceflightnow.com/2018/01/21/rocket-lab-delivers-nanosatellites-to-orbit-on-first-successful-test-launch/,"Carrying CubeSats for Planet Labs and Spire Global. The two Lemur-2 satellites were put into a circularized orbit by the new ""Electron kick stage"" which was not announced until after the launch. Between December 2017 and January 2018 the launch was delayed six times due to weather, orbital traffic, rocket, and range safety issues. Put Lemur-2 payloads into 500 km high orbit at 85.0° inclination while the Dove Pioneer satellite was put into a 289 km x 533 km. Payload: Dove Pioneer; Lemur-2 × 2; Humanity Star (13 kg) Destination: 400 km, 82.9° LEO Dedicated/Rideshare inferred from multiple named customers. [Rev basis: est. list price, pre-IPO, conf LOW; see README]"
3,2018-11-11 03:50 UTC,Electron,It's Business Time,Spire Global; GeoOptics; Irvine CubeSat STEM Program; High Performance Space Structure Systems; Fleet Space Technologies,Disclosed,"LC-1A (Mahia, NZ)",Rideshare,Success,None attempted,,,5000000,,https://en.wikipedia.org/wiki/List_of_Electron_launches | https://spaceflightnow.com/2018/04/06/rocket-lab-preps-for-first-commercial-satellite-launch/ | https://web.archive.org/web/20231003032909/https://spaceflightnow.com/2018/04/06/rocket-lab-preps-for-first-commercial-satellite-launch/,"The 11 November 2018 launch was successful; all cubesats planned to be deployed were deployed in orbit. The launch, originally planned for April 2018, had been delayed several times: to June/July after unusual behavior was identified in a motor controller during a wet dress rehearsal, by a few days after a ground tracking antenna issue in the Chatham Island tracking station and indefinitely after another motor controller issue. In October 2018, a nine-day launch window was announced starting 11 November 2018. Payload: Lemur-2 × 2; CICERO; IRVINE01; NABEO; Proxima × 2 (Approx 45 kg) Destination: 500 km, 85° LEO Dedicated/Rideshare inferred from multiple named customers. [Rev basis: est. list price, pre-IPO, conf LOW; see README]"
4,2018-12-16 06:33 UTC,Electron,This One's For Pickering,NASA,Disclosed,"LC-1A (Mahia, NZ)",Dedicated,Success,None attempted,,,5000000,,https://en.wikipedia.org/wiki/List_of_Electron_launches | https://www.rocketlabusa.com/updates/rocket-lab-prepares-to-launch-historic-small-satellite-mission-for-nasa/ | https://web.archive.org/web/20240311140922/https://www.rocketlabusa.com/updates/rocket-lab-prepares-to-launch-historic-small-satellite-mission-for-nasa/,"Multiple CubeSats for the NASA-sponsored ELaNa-19 mission. They were deployed from RailPOD dispensers. Was the first NASA mission for Rocket Lab. Payload: ELaNa-19; ALBus; CeREs; CHOMPTT; CubeSail; DaVinci; ISX; NMTSat; RSat-P; Shields-1; STF-1; SHFT 2; TOMSat EagleScout; TOMSat R3 (78 kg) Destination: 500 km, 85° LEO [Rev basis: est. list price, pre-IPO, conf LOW; see README]"
5,2019-03-28 23:27 UTC,Electron,Two Thumbs Up,DARPA,Disclosed,"LC-1A (Mahia, NZ)",Dedicated,Success,None attempted,,,6000000,,https://en.wikipedia.org/wiki/List_of_Electron_launches | https://www.rocketlabusa.com/missions/missions-launched/darpa-r3d2/ | https://web.archive.org/web/20231205221018/https://www.rocketlabusa.com/missions/missions-launched/darpa-r3d2/,"Radio Frequency Risk Reduction Deployment Demonstration (R3D2) will qualify a new type of membrane reflectarray antenna. Northrop Grumman serves as the prime contractor for R3D2. Blue Canyon Technologies provided the satellite bus, MMA Design provided the antenna. Payload: R3D2 (150 kg) Destination: 425 km, 39.5° LEO [Rev basis: est. list price, pre-IPO, conf LOW; see README]"
6,2019-05-05 06:00 UTC,Electron,That's a Funny Looking Cactus,U.S. Air Force,Disclosed,"LC-1A (Mahia, NZ)",Dedicated,Success,None attempted,,,6000000,,https://en.wikipedia.org/wiki/List_of_Electron_launches | https://web.archive.org/web/20190423032329/https://twitter.com/RocketLab/status/1113919102572085249 | https://www.nasaspaceflight.com/2019/05/rocket-lab-launch-stp-27rd-test-satellite-trio-dod/,"Launch is part of the ""Rapid Agile Launch Initiative"" (RALI) for the U.S. Air Force. Was first night launch of an Electron and its heaviest payload up to the time. Payload: STP-27RD; SPARC-1; Falcon ODE; Harbinger (180 kg) Destination: 500 km, 40° LEO [Rev basis: est. list price, pre-IPO, conf LOW; see README]"
7,2019-06-29 04:30 UTC,Electron,Make it Rain,BlackSky via Spaceflight Inc.; USSOCOM; Melbourne Space Program; Swarm Technologies; SEDENA,Disclosed,"LC-1A (Mahia, NZ)",Rideshare,Success,None attempted,,,6000000,,https://en.wikipedia.org/wiki/List_of_Electron_launches | https://www.nasaspaceflight.com/2019/06/rocket-lab-electron-spaceflight-inc-rideshare-mission/ | https://web.archive.org/web/20230620113250/https://www.nasaspaceflight.com/2019/06/rocket-lab-electron-spaceflight-inc-rideshare-mission/,"BlackSky Global 3 is part of a constellation of Earth-observing satellites. SpaceBEE cubesats are manufactured by Swarm Technologies to test two-way satellite communication and data relay. SpaceBEE 8 weighs 0.4 kg (0.88 lb) while SpaceBEE 9 weighs 0.7 kg (1.54 lb). Payload: BlackSky Global 3; Prometheus x 2; ACRUX-1; SpaceBEE 8 and 9; Painani 1 (80 kg) Destination: 450 km, 45° LEO Dedicated/Rideshare inferred from multiple named customers. [Rev basis: est. list price, pre-IPO, conf LOW; see README]"
8,2019-08-19 12:12 UTC,Electron,"Look Ma, No Hands",UnseenLabs; BlackSky via Spaceflight Inc.; AFSPC,Disclosed,"LC-1A (Mahia, NZ)",Rideshare,Success,None attempted,,,6000000,,https://en.wikipedia.org/wiki/List_of_Electron_launches | https://www.space.com/rocket-lab-electron-launches-four-satellites-eighth-flight.html | https://web.archive.org/web/20230925091938/https://www.space.com/rocket-lab-electron-launches-four-satellites-eighth-flight.html,"Breizh Recon Orbiter (BRO-1) is part of a constellation used for tracking maritime vessels. BlackSky Global 4 is part of a constellation of Earth-observing satellites. The two experimental satellites for Air Force Space Command are part of the ""Pearl White"" technology demonstration program. Payload: Breizh Recon Orbiter (BRO-1); BlackSky Global 4; Experimental Satellites x 2 (Approx. 80 kg) Destination: 510 km, 94.8° LEO Dedicated/Rideshare inferred from multiple named customers. [Rev basis: est. list price, pre-IPO, conf LOW; see README]"
9,2019-10-17 01:22 UTC,Electron,As the Crow Flies,Astro Digital,Disclosed,"LC-1A (Mahia, NZ)",Dedicated,Success,None attempted,,,6000000,,https://en.wikipedia.org/wiki/List_of_Electron_launches | https://www.rocketlabusa.com/updates/rocket-lab-to-launch-dedicated-mission-for-astro-digitalnew-blog-post/ | https://web.archive.org/web/20240116024620/https://www.rocketlabusa.com/updates/rocket-lab-to-launch-dedicated-mission-for-astro-digitalnew-blog-post/,"Palisade is a 16U CubeSat technology demonstrator satellite. An upgraded, bi-propellant kick stage lifted the satellite to a 1200 km circular orbit, and then deorbited itself. Payload: Palisade (Approx. 20 kg) Destination: 1200 km, 87.9° LEO [Rev basis: est. list price, pre-IPO, conf LOW; see README]"
10,2019-12-06 08:18 UTC,Electron,Running Out Of Fingers,"ALE Co., LTD; Advanced Technology of Laser; Fossa Systems; Stara Space; Budapest University of Technology and Economics; ACME AtronOmatic",Disclosed,"LC-1A (Mahia, NZ)",Rideshare,Success,None attempted (controlled re-entry test; stage not recovered),,,6000000,,https://en.wikipedia.org/wiki/List_of_Electron_launches | https://www.rocketlabusa.com/missions/next-mission/ | https://www.rocketlabusa.com/updates/next-generation-electron-booster-on-the-pad-for-rocket-labs-10th-mission/,"ALE-2 creates artificial shooting star displays. ATL-1 tests thermal insulation in space. FossaSat-1 is a communications satellite that uses low-power radio frequencies to provide internet connectivity. NOOR-1A and NOOR-1B demonstrated intersatellite link technology. SMOG-P uses a spectrum analyzer to measure electromagnetic pollution. TRSI Sat provides flight tracking services. The six satellites other than ALE-2 are PocketQubes, forming Alba Cluster 2 of Alba Orbital. This mission also was the first guided, full telemetry re-entry of the Electron launch vehicle's first stage as part of Rocket Lab's plans to re-use and re-fly rocket boosters in future missions. Recovery instrumentation on-board this flight included guidance and navigation hardware, including S-band telemetry and on-board flight computer systems, to live-gather data during the first stage's atmospheric re-entry, as well as a reaction control system to orient the booster. After the launch Rocket Lab said that the reusability tests were successful. First flight of Electron with a fully autonomous flight termination system on the rocket. === 2020 === First launch for the National Reconnaissance Office in January 2020. First launch of Photon kickstage in August 2020. {| class=""wikitable"" style=""width: 100%"" ! Flight No. ! Name ! Date/time (UTC) ! Launch site ! Payload ! Payload Mass ! Destination ! Customer(s) ! Launch outcome ! Booster recovery Payload: ALE-2; ATL-1; Fossasat-1; NOOR-1A (Unicorn 2B); NOOR-1B (Unicorn 2C); SMOG-P; TRSI Sat (Approx. 77 kg) Destination: 385 x 400 km, 97°LEO Dedicated/Rideshare inferred from multiple named customers. [Rev basis: est. list price, pre-IPO, conf LOW; see README]"
11,2020-01-31 02:56 UTC,Electron,Birds of a Feather,National Reconnaissance Office,Disclosed,"LC-1A (Mahia, NZ)",Dedicated,Success,None attempted (controlled re-entry test; stage not recovered),,,6000000,,https://en.wikipedia.org/wiki/List_of_Electron_launches | https://spaceflightnow.com/2020/01/31/rocket-lab-successfully-launches-nro-satellite/ | https://web.archive.org/web/20231003234642/https://spaceflightnow.com/2020/01/31/rocket-lab-successfully-launches-nro-satellite/,"First launch for the National Reconnaissance Office (NRO). The NRO competitively awarded the contract under the Rapid Acquisition of a Small Rocket (RASR) contract vehicle. RASR allows the NRO to explore new launch opportunities that can provide a streamlined, commercial approach for getting small satellites into space. For the second time, the Electron booster survived atmospheric re-entry. Rocket Lab again said that their reusability test was successful. Payload: NROL-151 (Classified) Destination: 590 km x 610 km, 70.9° LEO [Rev basis: est. list price, pre-IPO, conf LOW; see README]"
12,2020-06-13 05:12 UTC,Electron,Don't Stop Me Now,"NRO, Boston University / NASA and University of New South Wales Canberra Space and the Royal Australian Air Force.",Disclosed,"LC-1A (Mahia, NZ)",Dedicated,Success,None attempted,,,6000000,,https://en.wikipedia.org/wiki/List_of_Electron_launches | https://web.archive.org/web/20200613045202/https://twitter.com/RocketLab/status/1271663876682035201 | https://www.space.com/rocket-lab-us-spy-satellites-launch-june-2020-webcast.html,"Part of the ELaNa 32 mission, Ad-Hoc Network Demonstration for Extended Satellite-Based Inquiry and Other Team Endeavors is a satellite designed to study Earth's magnetic field. The M2 Pathfinder satellite will be a technology demonstration satellite to test communications. The flight will also carry three payloads for the NRO. Rocket Lab does not plan to do any recovery testing. Flight delayed due to COVID-19. A launch attempt on 11 June 2020 was canceled due to bad weather. ANDESITE consists of ANDESITE Mule, a 6U parent spacecraft, and ANDESITE Node 1 to Node 8, small magnetometer subsatellites to be ejected from it to study magnetospheric variation. Each Node is 0.20 x 0.10 x 0.025 m in size with a mass of 0.38 kg. Payload: Classified payloads x 3 (USA-301, 302, 303) (NRO); ANDESITE; RAAF M2PF (Pathfinder) (Classified) Destination: 570 590 km, 97.75° LEO [Rev basis: est. list price, pre-IPO, conf LOW; see README]"
13,2020-07-04 21:19 UTC,Electron,Pics Or It Didn't Happen,Canon Electronics; Planet Labs; In-Space Missions,Disclosed,"LC-1A (Mahia, NZ)",Rideshare,Failure,None attempted,,,6000000,,https://en.wikipedia.org/wiki/List_of_Electron_launches | https://www.rocketlabusa.com/updates/rocket-lab-to-demonstrate-fastest-launch-turnaround-to-date/ | https://web.archive.org/web/20230620134743/https://www.rocketlabusa.com/updates/rocket-lab-to-demonstrate-fastest-launch-turnaround-to-date/,"Launch of five SuperDoves as part of Planet's Flock 4e. Flight failed during 2nd stage burn. The issue was found to be a single faulty electrical connection that was not caught during preflight testing. The wiring was intermittently secure leading to increasing resistance causing heating and thermal expansion. This caused softening of potting compounds around the connection leading to a disconnect. The disconnect lead to power being cut from the electric turbopumps needed for the Rutherford engine leading the engine to be shut down. No changes were made to the vehicle but changes were made to ""work instructions and quality signoffs"". Payload: CE-SAT-IB; SuperDove x 5 ; Faraday 1 (Approx. 75 kg) Destination: 500 km, 97.5° SSO Dedicated/Rideshare inferred from multiple named customers. [Rev basis: est. list price, pre-IPO, conf LOW; see README]"
14,2020-08-31 03:05 UTC,Electron,I Can't Believe It's Not Optical,Capella Space,Disclosed,"LC-1A (Mahia, NZ)",Dedicated,Success,None attempted,,,6000000,,https://en.wikipedia.org/wiki/List_of_Electron_launches | https://spaceflightnow.com/2020/08/30/electron-sequoia-mission-status-center/ | https://web.archive.org/web/20231204071347/https://spaceflightnow.com/2020/08/30/electron-sequoia-mission-status-center/,"Return to flight of Electron after the 4 July 2020 launch failure. Launch of a synthetic-aperture radar (SAR) satellite, for global imagery. Also launched the Photon satellite bus. Payload: Sequoia ; Photon (First Light) (100 kg) Destination: 500 km, 45° LEO [Rev basis: est. list price, pre-IPO, conf LOW; see README]"
15,2020-10-28 21:21 UTC,Electron,In Focus,"Planet Labs; Spaceflight, Inc. for Canon Electronics",Disclosed,"LC-1A (Mahia, NZ)",Rideshare,Success,None attempted,,,6000000,,https://en.wikipedia.org/wiki/List_of_Electron_launches | https://www.rocketlabusa.com/updates/new-blog-post-2/ | https://web.archive.org/web/20230620134748/https://www.rocketlabusa.com/updates/new-blog-post-2/,"After satellite deployed kick stage changed orbital inclination. Payload: SuperDove x 9; CE-SAT-IIB (72 kg) Destination: 500 km, 97.5° SSO Dedicated/Rideshare inferred from multiple named customers. [Rev basis: est. list price, pre-IPO, conf LOW; see README]"
16,2020-11-20 02:20 UTC,Electron,Return To Sender,"TriSept Corp.; UnseenLabs; Te Pūnaha Ātea - Auckland Space Institute, The University of Auckland; Swarm Technologies; Gabe Newell",Disclosed,"LC-1A (Mahia, NZ)",Rideshare,Success,Attempted-recovered,,,6000000,,https://en.wikipedia.org/wiki/List_of_Electron_launches | https://www.rocketlabusa.com/missions/missions-launched/flight-16/ | https://web.archive.org/web/20231205214707/https://www.rocketlabusa.com/missions/missions-launched/flight-16/,"First Electron to attempt a soft ocean landing by parachute with the booster and recovery by vessel. Payload: Dragracer A; Dragracer B; BRO-2; BRO-3; APSS-1 (Te Waka Āmiorangi o Aotearoa) (Auckland Program for Space Systems) ; SpaceBEE x 24; Gnome Chompski (garden gnome mass simulator) (200 kg) Destination: 500 km, 97.3° SSO Dedicated/Rideshare inferred from multiple named customers. [Rev basis: est. list price, pre-IPO, conf LOW; see README]"
17,2020-12-15 10:09 UTC,Electron,The Owl's Night Begins,Synspective,Disclosed,"LC-1A (Mahia, NZ)",Dedicated,Success,None attempted,,,6000000,,https://en.wikipedia.org/wiki/List_of_Electron_launches | https://www.rocketlabusa.com/missions/missions-launched/the-owls-night-begins-2/ | https://web.archive.org/web/20231205223326/https://www.rocketlabusa.com/missions/missions-launched/the-owls-night-begins-2/,"Test satellite weighing 150 kg using synthetic-aperture radar (SAR) from a Japanese company. Part of a future constellation of 25 satellites to provide global coverage. Satellite was encompassed in an expanded fairing. First of 47 dedicated launches for Synspective's StriX constellation. Payload: StriX-α (150 kg) Destination: 500 km, 97.3° SSO [Rev basis: est. list price, pre-IPO, conf LOW; see README]"
18,2021-01-20 07:26 UTC,Electron,Another One Leaves The Crust,OHB,Disclosed,"LC-1A (Mahia, NZ)",Dedicated,Success,None attempted,,,6500000,,https://en.wikipedia.org/wiki/List_of_Electron_launches | https://www.rocketlabusa.com/missions/missions-launched/another-one-leaves-the-crust/ | https://web.archive.org/web/20231205220433/https://www.rocketlabusa.com/missions/missions-launched/another-one-leaves-the-crust/,"Dedicated mission for OHB, the launch occurred six months after the contract signing with Rocket Lab and OHB. Payload: GMS-T (~50 kg) Destination: 1200 km, 90° LEO [Rev basis: est. $39.0M/6 FY21 10-K, conf MED; see README]"
19,2021-03-22 22:30 UTC,Electron,They Go Up So Fast,BlackSky via Spaceflight Inc.; Fleet Space; Myriota; Care Weather Technologies; University of New South Wales Canberra Space; (USASMDC); Rocket Lab,Disclosed,"LC-1A (Mahia, NZ)",Rideshare,Success,None attempted,,,6500000,,https://en.wikipedia.org/wiki/List_of_Electron_launches | https://www.rocketlabusa.com/missions/missions-launched/they-go-up-so-fast/ | https://web.archive.org/web/20240116024615/https://www.rocketlabusa.com/missions/missions-launched/they-go-up-so-fast/,"During this mission, Rocket Lab deployed their 100th satellite to orbit. As well as their second Photon satellite bus named Pathstone. Photon Pathstone will operate on orbit as a risk reduction demonstration to build spacecraft heritage ahead of Rocket Lab's mission to the Moon for NASA later this year, as well as Rocket Lab's private mission to Venus in 2025. Payload: BlackSky Global 9; Centauri 3; Myriota 7; Veery Hatchling; RAAF-M2 A, B; Gunsmoke-J; Photon (Pathstone) Destination: 450 km and 550 km, 45° LEO Dedicated/Rideshare inferred from multiple named customers. [Rev basis: est. $39.0M/6 FY21 10-K, conf MED; see README]"
20,2021-05-15 11:11 UTC,Electron,Running Out Of Toes,"BlackSky via Spaceflight Industries, Inc.",Disclosed,"LC-1A (Mahia, NZ)",Dedicated,Failure,Attempted-recovered,,,6500000,,https://en.wikipedia.org/wiki/List_of_Electron_launches | https://web.archive.org/web/20210515110227/https://twitter.com/RocketLab/status/1393520718587957252 | https://web.archive.org/web/20220105003431/https://twitter.com/RocketLab/status/1393531340188913665,"Second launch to attempt booster recovery (via ocean landing), using an advanced heat shield based on lessons learned from the first recovered Electron booster. First of four 2021 launches to carry two BlackSky Global Gen 2 satellites. Second stage engine shut down early causing the mission to be lost, but Electron's first stage safely completed a successful splashdown under parachute. The investigation revealed that the second stage igniter fault induced an interference with the engine controller that caused the data signal corruption for the thrust vector control (TVC) system, straying the vehicle off course. Payload: BlackSky-10, BlackSky-11 (120 kg) Destination: 430 km, 50° LEO [Rev basis: est. $39.0M/6 FY21 10-K, conf MED; see README]"
21,2021-07-29 06:00 UTC,Electron,It's A Little Chile Up Here,U.S. Space Force,Disclosed,"LC-1A (Mahia, NZ)",Dedicated,Success,None attempted,,,6500000,,https://en.wikipedia.org/wiki/List_of_Electron_launches | https://www.rocketlabusa.com/updates/rocket-lab-successfully-launches-u-s-space-force-mission/ | https://web.archive.org/web/20240116024619/https://www.rocketlabusa.com/updates/rocket-lab-successfully-launches-u-s-space-force-mission/,"The launch was originally scheduled to fly from LC-2 in Wallops in 2020, but NASA didn't certify the autonomous flight termination system (AFTS) in time. Because of these delays, the launch was moved to LC-1 as the return to flight after the anomaly Electron experienced during the ""Running Out Of Toes"" mission in May 2021. Payload: Monolith Destination: 600 km, 37° LEO [Rev basis: est. $39.0M/6 FY21 10-K, conf MED; see README]"
22,2021-11-18 01:38 UTC,Electron,Love At First Insight,BlackSky via Spaceflight Inc.,Disclosed,"LC-1A (Mahia, NZ)",Dedicated,Success,Attempted-recovered,,,6500000,,https://en.wikipedia.org/wiki/List_of_Electron_launches | https://archive.today/20240321195620/https://twitter.com/RocketLab/status/1447503560497762310 | https://www.rocketlabusa.com/updates/new-blog-post-5/,"Second of four launches to carry two BlackSky Global Gen 2 satellites in 2021. Mission was named ""Love At First Insight"". The first stage booster performed a soft ocean splashdown under parachute. For the first time, a helicopter tracked and observed Electron's descent in preparation for future missions which aim to use helicopters to intercept and capture returning launch vehicle boosters mid-air as they return to Earth under parachute. The launch vehicle also flew with an advanced parachute deployed from the first stage at a higher altitude then previous recovery attempts and an improved heat shield. Payload: BlackSky-14, BlackSky-15 (120 kg) Destination: 430 km, 42°LEO [Rev basis: est. $39.0M/6 FY21 10-K, conf MED; see README]"
23,2021-12-09 00:02 UTC,Electron,A Data With Destiny,BlackSky via Spaceflight Inc.,Disclosed,"LC-1A (Mahia, NZ)",Dedicated,Success,None attempted,,,6500000,,https://en.wikipedia.org/wiki/List_of_Electron_launches | https://www.nasaspaceflight.com/2021/12/rocket-lab-preparing-to-launch-another-pair-of-blacksky-satellites/ | https://web.archive.org/web/20230620113251/https://www.nasaspaceflight.com/2021/12/rocket-lab-preparing-to-launch-another-pair-of-blacksky-satellites/,"Third of four launches to carry two BlackSky Global Gen 2 satellites in 2021. This mission set a new turnaround record between Electron launches at just show=d . Payload: BlackSky-12 Gen-2, BlackSky-13 Gen-2 (120 kg) Destination: 430 km, 42°LEO [Rev basis: est. $39.0M/6 FY21 10-K, conf MED; see README]"
24,2022-02-28 20:37 UTC,Electron,The Owl's Night Continues,Synspective,Disclosed,"LC-1B (Mahia, NZ)",Dedicated,Success,None attempted,,,6744000,,https://en.wikipedia.org/wiki/List_of_Electron_launches | https://www.rocketlabusa.com/missions/next-mission/,"Inaugural launch from Launch Complex 1 Pad B. Second of 47 dedicated launches for Synspective's StriX constellation. Payload: StriX-β (~150 kg) Destination: 561 km, 97° SSO [Rev basis: est. $60.7M/9 FY22 10-K, conf MED; see README]"
25,2022-04-02 12:41 UTC,Electron,Without Mission A Beat,BlackSky via Spaceflight Inc.,Disclosed,"LC-1A (Mahia, NZ)",Dedicated,Success,None attempted,,,6744000,,https://en.wikipedia.org/wiki/List_of_Electron_launches | https://www.nasaspaceflight.com/2022/04/electron-blacksky-25th-mission/ | https://web.archive.org/web/20230620111746/https://www.nasaspaceflight.com/2022/04/electron-blacksky-25th-mission/,"Last of four launches to carry two BlackSky Global Gen 2 satellites in 2021 and 2022. Payload: BlackSky-14 Gen-2, BlackSky-15 Gen-2 (~120 kg) Destination: 430 km, 53° LEO [Rev basis: est. $60.7M/9 FY22 10-K, conf MED; see README]"
26,2022-05-02 22:49 UTC,Electron,There And Back Again,Alba Orbital; Astrix Astronautics; Aurora Propulsion Technologies; E-Space; Swarm Technologies via Spaceflight Inc.; UnseenLabs,Disclosed,"LC-1A (Mahia, NZ)",Rideshare,Success,Attempted-recovered (aerial capture aborted; stage recovered from ocean),,,6744000,,https://en.wikipedia.org/wiki/List_of_Electron_launches | https://www.businesswire.com/news/home/20220502005965/en/Rocket-Lab-Successfully-Deploys-34-Satellites-and-Catches-Rocket-Booster-Returning-from-Space-with-Helicopter | https://web.archive.org/web/20230620222425/https://www.businesswire.com/news/home/20220502005965/en/Rocket-Lab-Successfully-Deploys-34-Satellites-and-Catches-Rocket-Booster-Returning-from-Space-with-Helicopter,"Deployed 34 satellites for six customers. First mid-air helicopter capture attempt of an Electron first stage following launch. Electron was initially captured by the helicopter, but the pilot detected different load characteristics than previously experienced in testing and offloaded the stage for a splashdown, where it was recovered by Rocket Lab's contracted offshore vessel, Seaworker as in previous ocean landings. Payload: TRSI-2 & TRSI-3; MyRadar-1; Unicorn-2; Copia; AuroraSat-1; E-Space Demo (3 satellites); SpaceBEE (24 satellites); BRO-6 Destination: 520 km, 94° SSO Dedicated/Rideshare inferred from multiple named customers. [Rev basis: est. $60.7M/9 FY22 10-K, conf MED; see README]"
27,2022-06-28 09:55 UTC,Electron,CAPSTONE,NASA; Rocket Lab,Disclosed,"LC-1B (Mahia, NZ)",Rideshare,Success,None attempted,,,6744000,,https://en.wikipedia.org/wiki/List_of_Electron_launches | https://www.nasaspaceflight.com/2022/06/capstone-launch/ | https://web.archive.org/web/20240213053854/https://www.nasaspaceflight.com/2022/06/capstone-launch/,"Cislunar Autonomous Positioning System Technology Operations and Navigation Experiment (CAPSTONE) is a CubeSat mission that will serve as a precursor for the planned Gateway. It used Photon to place CAPSTONE on a trajectory to the Moon. CAPSTONE will move into a near-rectilinear halo orbit (NRHO) after separation from Photon. Due to the heavy nature of the payload, the first stage was stripped down to its bare frame with no recovery hardware and no cameras. The recovery hardware itself takes about 10-15% of the payload mass capabilities of a given launch. Payload: CAPSTONE ; Photon (80 kg) Destination: TLI to NRHO Dedicated/Rideshare inferred from multiple named customers. [Rev basis: est. $60.7M/9 FY22 10-K, conf MED; see README]"
28,2022-07-13 06:30 UTC,Electron,"Wise One Looks Ahead"".",NRO,Disclosed,"LC-1A (Mahia, NZ)",Dedicated,Success,None attempted,,,6744000,,https://en.wikipedia.org/wiki/List_of_Electron_launches | https://www.nasaspaceflight.com/2022/07/rocket-lab-wise-one-looks-ahead/ | https://web.archive.org/web/20230928000602/https://www.nasaspaceflight.com/2022/07/rocket-lab-wise-one-looks-ahead/,"First of two ""Responsive Space Missions"" NRO launches. Back to back launches between Pad A and B. Payload: NROL-162 (RASR-3) (Classified) Destination: 620 km, 40° LEO [Rev basis: est. $60.7M/9 FY22 10-K, conf MED; see README]"
29,2022-08-04 05:00 UTC,Electron,Antipodean Adventure,NRO,Disclosed,"LC-1B (Mahia, NZ)",Dedicated,Success,None attempted,,,6744000,,https://en.wikipedia.org/wiki/List_of_Electron_launches | https://www.nasaspaceflight.com/2022/08/rocket-labs-nrol-199/ | https://web.archive.org/web/20230926224418/https://www.nasaspaceflight.com/2022/08/rocket-labs-nrol-199/,"Second of two ""Responsive Space Missions"" NRO launches. Back to back launches between Pad A and B. Payload: NROL-199 (RASR-4) (Classified) Destination: 620 km, 70°LEO [Rev basis: est. $60.7M/9 FY22 10-K, conf MED; see README]"
30,2022-09-15 20:38 UTC,Electron,The Owl Spreads Its Wings,Synspective,Disclosed,"LC-1B (Mahia, NZ)",Dedicated,Success,None attempted,,,6744000,,https://en.wikipedia.org/wiki/List_of_Electron_launches | https://web.archive.org/web/20220901051558/https://twitter.com/RocketLab/status/1565062001050562560 | https://www.rocketlabusa.com/missions/next-mission/,"Third of 47 dedicated launches for Synspective's StriX constellation. StriX-1 is the 150th satellite deployed by Rocket Lab. Payload: StriX-1 (~100 kg) Destination: 563 km, 97°SSO [Rev basis: est. $60.7M/9 FY22 10-K, conf MED; see README]"
31,2022-10-07 17:09 UTC,Electron,It Argos Up From Here,NOAA / CNES,Disclosed,"LC-1B (Mahia, NZ)",Dedicated,Success,None attempted,,,6744000,,https://en.wikipedia.org/wiki/List_of_Electron_launches | https://www.nasaspaceflight.com/2022/10/it-argos-up-from-here/ | https://web.archive.org/web/20230926223203/https://www.nasaspaceflight.com/2022/10/it-argos-up-from-here/,"First launch for General Atomics Electromagnetic Systems. The GAzelle satellite carries the Argos-4 Advanced Data Collection System hosted payload. Payload: GAzelle (Argos-4) (118 kg) Destination: 750 km 98° SSO [Rev basis: est. $60.7M/9 FY22 10-K, conf MED; see README]"
32,2022-11-04 17:27 UTC,Electron,Catch Me If You Can,SNSA & OHB Sweden,Disclosed,"LC-1B (Mahia, NZ)",Dedicated,Success,Attempted-recovered (aerial capture aborted; stage recovered from ocean),,,6744000,,https://en.wikipedia.org/wiki/List_of_Electron_launches | https://ghostarchive.org/archive/hRUlm | https://web.archive.org/web/20221106115514/https://twitter.com/Peter_J_Beck/status/1588607021649395712,"Launch of MATS atmospheric research satellite for the Swedish National Space Agency. Second attempt at mid-air helicopter recovery of first stage, however due to telemetry loss from the first stage during its descent, it was not safe for the helicopter to loiter in the capture zone, so it backed off. Stage made a soft ocean landing and was recovered by Rocket Lab's contracted offshore vessel, Seaworker as in previous ocean landings. === 2023 === {| class=""wikitable"" style=""width: 100%"" ! Flight No. ! Name ! Date/time (UTC) ! Launch site ! Payload ! Payload Mass ! Destination ! Customer(s) ! Launch outcome ! Booster recovery Payload: MATS (50 kg) Destination: 585 km, 97.66° SSO [Rev basis: est. $60.7M/9 FY22 10-K, conf MED; see README]"
33,2023-01-24 23:00 UTC,Electron,Virginia Is For Launch Lovers,HawkEye 360,Disclosed,"LC-2 (Wallops/MARS, VA)",Dedicated,Success,None attempted,,,7190000,,https://en.wikipedia.org/wiki/List_of_Electron_launches | https://www.nasaspaceflight.com/2023/01/virginia-is-for-launch-lovers/ | https://web.archive.org/web/20231008175126/https://www.nasaspaceflight.com/2023/01/virginia-is-for-launch-lovers/,"First launch from Launch Complex 2 at the Mid-Atlantic Regional Spaceport in Wallops. Launch of the first 3 of the 15 satellites contracted with HawkEye 360. Payload: HawkEye 360 Cluster 6 (3 satellites) (90 kg) Destination: 550 km, 40.5° LEO [Rev basis: est. $71.9M/10 FY23 10-K, conf MED; see README]"
34,2023-03-16 22:39 UTC,Electron,Stronger Together,Capella Space,Disclosed,"LC-2 (Wallops/MARS, VA)",Dedicated,Success,None attempted,,,7190000,,https://en.wikipedia.org/wiki/List_of_Electron_launches | https://www.nasa.gov/feature/wallops/2023/nasa-wallops-supports-second-rocket-lab-electron-launch | https://web.archive.org/web/20240322172324/https://www.nasa.gov/centers-and-facilities/wallops/nasa-wallops-supports-second-rocket-lab-electron-launch/,"Dedicated launch for Capella Space. Payload: Capella 9, Capella 10 (224 kg) Destination: 600 km, 44° LEO [Rev basis: est. $71.9M/10 FY23 10-K, conf MED; see README]"
35,2023-03-24 09:14 UTC,Electron,The Beat Goes On,BlackSky via Spaceflight Inc.,Disclosed,"LC-1B (Mahia, NZ)",Dedicated,Success,Attempted-recovered,,,7190000,,https://en.wikipedia.org/wiki/List_of_Electron_launches | https://spacenews.com/rocket-lab-launches-blacksky-satellites-2/ | https://ghostarchive.org/archive/20240322170330/https://spacenews.com/rocket-lab-launches-blacksky-satellites-2/,"Dedicated launch for BlackSky. Payload: BlackSky-18 Gen-2, BlackSky-19 Gen-2 (~120 kg) Destination: 450 km, 42° LEO [Rev basis: est. $71.9M/10 FY23 10-K, conf MED; see README]"
36,2023-05-08 01:00 UTC,Electron,Rocket Like A Hurricane,NASA,Disclosed,"LC-1B (Mahia, NZ)",Dedicated,Success,None attempted,,,7190000,,https://en.wikipedia.org/wiki/List_of_Electron_launches | https://spacenews.com/rocket-lab-launches-nasa-tropics-cubesats/ | https://ghostarchive.org/archive/20240322170306/https://spacenews.com/rocket-lab-launches-nasa-tropics-cubesats/,"First of two TROPICS missions awarded to Rocket Lab after a prior mission awarded to competing launch provider Astra failed to orbit. The TROPICS mission consists of four (formerly six) CubeSats intended for two (formerly three) low-Earth orbital planes at an inclination of 30 degrees. Due to the light weight of the payload and the target orbit, the second stage completed the orbital insertion while the kick stage was used to perform a plane change burn to the target inclination. Payload: TROPICS × 2 (10 kg) Destination: 550 km, 32° LEO [Rev basis: est. $71.9M/10 FY23 10-K, conf MED; see README]"
37,2023-05-26 03:46 UTC,Electron,Coming to a Storm Near You,NASA,Disclosed,"LC-1B (Mahia, NZ)",Dedicated,Success,None attempted,,,7190000,,https://en.wikipedia.org/wiki/List_of_Electron_launches | https://spacenews.com/electron-launches-second-pair-of-nasa-tropics-cubesats/ | https://ghostarchive.org/archive/20240322170342/https://spacenews.com/electron-launches-second-pair-of-nasa-tropics-cubesats/,"Second of two TROPICS missions awarded to Rocket Lab after a prior mission awarded to competing launch provider Astra failed to orbit. Payload: TROPICS × 2 (10 kg) Destination: 550 km, 32° LEO [Rev basis: est. $71.9M/10 FY23 10-K, conf MED; see README]"
38,2023-06-18 01:24 UTC,HASTE,Scout's Arrow,Dynetics,Disclosed,"LC-2 (Wallops/MARS, VA)",Dedicated,Success,None attempted,,,7190000,,https://en.wikipedia.org/wiki/List_of_Electron_launches | https://space.skyrocket.de/doc_lau/electron.htm | https://www.leidos.com/insights/leidos-mach-tb-program-successfully-completes-1st-test-launch,"Part of Multi-Service Advanced Capability Hypersonic Test Bed (MACH-TB) program. Payload: DYNAMO-A (Classified) [Rev basis: est. $71.9M/10 FY23 10-K, conf MED; see README] HASTE = suborbital Electron derivative; counts as a launch mission in RKLB disclosures."
39,2023-07-18 01:27 UTC,Electron,Baby Come Back,Telesat; Spire Global; NASA,Disclosed,"LC-1B (Mahia, NZ)",Rideshare,Success,Attempted-recovered,,,7190000,,https://en.wikipedia.org/wiki/List_of_Electron_launches | https://spacenews.com/electron-launches-seven-smallsats-in-latest-step-towards-reusability/ | https://ghostarchive.org/archive/20240322170346/https://spacenews.com/electron-launches-seven-smallsats-in-latest-step-towards-reusability/,"The LEO 3 demonstration satellite will provide continuity for customer and ecosystem vendor testing campaigns following the decommissioning of Telesat's Phase 1 LEO satellite. This mission tested out new reusability technologies, including improved water sealing, a lighter parachute, and new hardware on the recovery vessel. NASA's Starling Mission, a 4 spacecraft swarm, was launched on this flight. Payload: LEO 3; Lemur-2 × 2; Starling × 4 (~86 kg) Destination: 1000 km, 99.45° SSO Dedicated/Rideshare inferred from multiple named customers. [Rev basis: est. $71.9M/10 FY23 10-K, conf MED; see README]"
40,2023-08-23 23:45 UTC,Electron,We Love The Nightlife,Capella Space,Disclosed,"LC-1B (Mahia, NZ)",Dedicated,Success,Attempted-recovered,,,7190000,,https://en.wikipedia.org/wiki/List_of_Electron_launches | https://spacenews.com/rocket-lab-reuses-engine-on-electron-launch/ | https://ghostarchive.org/archive/20240322170352/https://spacenews.com/rocket-lab-reuses-engine-on-electron-launch/,"First of four dedicated launches for Capella Space with Acadia satellites. For the first time on this mission, Rocket Lab is reusing a Rutherford engine from another mission launched in May 2022 ""There And Back Again"". Payload: Acadia 1 (~165 kg) Destination: 640 km, 53° LEO [Rev basis: est. $71.9M/10 FY23 10-K, conf MED; see README]"
41,2023-09-19 06:55 UTC,Electron,We Will Never Desert You,Capella Space,Disclosed,"LC-1B (Mahia, NZ)",Dedicated,Failure,None attempted,,,7190000,,https://en.wikipedia.org/wiki/List_of_Electron_launches | https://spaceflightnow.com/2023/09/19/radar-imaging-satellite-lost-as-rocket-lab-electron-rocket-suffers-launch-failure/ | https://web.archive.org/web/20230922091333/https://spaceflightnow.com/2023/09/19/radar-imaging-satellite-lost-as-rocket-lab-electron-rocket-suffers-launch-failure/,"Second of four dedicated launches for Capella Space with Acadia satellites. An anomaly occurred after stage separation, which resulted in a failure to orbit. Due to a sharp change of voltage from 420V to 508V due to an arc leading to a short in the power system that is used for motor controls caused in the near vacuum of space as a result of phenomenon of Paschen's law in T+151 to T+152.66 seconds. Payload: Acadia 2 (~165 kg) Destination: 640 km, 53° LEO [Rev basis: est. $71.9M/10 FY23 10-K, conf MED; see README]"
42,2023-12-15 04:05 UTC,Electron,The Moon God Awakens,iQPS,Disclosed,"LC-1B (Mahia, NZ)",Dedicated,Success,None attempted,,,7190000,,https://en.wikipedia.org/wiki/List_of_Electron_launches | https://www.rocketlabusa.com/updates/new-blog-post-14/ | https://web.archive.org/web/20240205180015/https://www.rocketlabusa.com/updates/new-blog-post-14/,"The satellite was previously manifested as a LauncherOne payload. After Virgin Orbit's bankruptcy and shutdown, the payload was transferred to Electron. This mission was Electron's return to launch after a failure due to a second stage issue occurring in the previous mission (""We Will Never Desert You"") on September 19. === 2024 === {| class=""wikitable"" style=""width: 100%"" ! Flight No. ! Name ! Date/time (UTC) ! Launch site ! Payload ! Payload Mass ! Destination ! Customer(s) ! Launch outcome ! Booster recovery Payload: QPS-SAR-5 (TSUKUYOMI-I) (~100 kg) Destination: 575 km, 42° LEO [Rev basis: est. $71.9M/10 FY23 10-K, conf MED; see README]"
43,2024-01-31 06:34 UTC,Electron,Four Of A Kind,Spire Global and NorthStar Earth & Space,Disclosed,"LC-1B (Mahia, NZ)",Dedicated,Success,Attempted-recovered,,,7831000,,https://en.wikipedia.org/wiki/List_of_Electron_launches | https://www.rocketlabusa.com/updates/rocket-lab-successfully-launches-first-electron-mission-of-busy-2024-launch-schedule/ | https://web.archive.org/web/20240309090230/https://www.rocketlabusa.com/updates/rocket-lab-successfully-launches-first-electron-mission-of-busy-2024-launch-schedule/,"Dedicated launch for Spire Global. Payload: Skylark × 4 (~112 kg) Destination: 530 km, 97° LEO [Rev basis: est. $125.3M/16 FY25 10-K, conf MED; see README]"
44,2024-02-18 14:52 UTC,Electron,On Closer Inspection,Astroscale,Disclosed,"LC-1B (Mahia, NZ)",Dedicated,Success,None attempted,,,7831000,,https://en.wikipedia.org/wiki/List_of_Electron_launches | https://www.space.com/rocket-lab-launch-astroscale-space-junk-inspection-mission | https://web.archive.org/web/20240226120232/https://www.space.com/rocket-lab-launch-astroscale-space-junk-inspection-mission,"The Active Debris Removal by Astroscale-Japan (ADRAS-J) satellite will rendezvous with a spent Japanese H-2A upper stage launch vehicle body in low Earth orbit and demonstrate proximity operations in preparation for a future de-orbiting mission. Due to the special mission requirements, Electron had a near instantaneous launch window. Payload: ADRAS-J (150 kg) Destination: 600 km, 98° SSO [Rev basis: est. $125.3M/16 FY25 10-K, conf MED; see README]"
45,2024-03-12 15:03 UTC,Electron,Owl Night Long,Synspective,Disclosed,"LC-1B (Mahia, NZ)",Dedicated,Success,None attempted,,,7831000,,https://en.wikipedia.org/wiki/List_of_Electron_launches | https://www.space.com/rocket-lab-electron-owl-night-long-launch-march-2024 | https://web.archive.org/web/20240315081350/https://www.space.com/rocket-lab-electron-owl-night-long-launch-march-2024,"Fourth of 47 dedicated launches for Synspective's StriX constellation. Payload: StriX-3 (100 kg) Destination: 561 km, 97° SSO [Rev basis: est. $125.3M/16 FY25 10-K, conf MED; see README]"
46,2024-03-21 07:25 UTC,Electron,Live and Let Fly,National Reconnaissance Office (NRO),Disclosed,"LC-2 (Wallops/MARS, VA)",Dedicated,Success,None attempted,,,7831000,,https://en.wikipedia.org/wiki/List_of_Electron_launches | https://www.space.com/rocket-lab-launch-nrol-123-live-and-let-fly | https://web.archive.org/web/20240321230747/https://www.space.com/rocket-lab-launch-nrol-123-live-and-let-fly,"The NROL-123 mission, was Rocket Lab’s first launch for the NRO from the United States after previously launching four NRO missions from Launch Complex 1 on New Zealand’s Māhia Peninsula. Payload: NROL-123 (4 Payloads) (Classified) Destination: LEO [Rev basis: est. $125.3M/16 FY25 10-K, conf MED; see README]"
47,2024-04-23 22:32 UTC,Electron,Beginning Of The Swarm,KAIST ; NASA,Disclosed,"LC-1B (Mahia, NZ)",Rideshare,Success,None attempted,,,7831000,,https://en.wikipedia.org/wiki/List_of_Electron_launches | https://www.space.com/rocket-lab-nasa-solar-sail-tech-launch-april-2024,"Rideshare mission including NASA's Advanced Composite Solar Sail System (ACS3). Payload: NeonSat-1 ; ACS3 (~115 kg) Destination: 520 km Neonsat-1, 1.000 km ACS3, 97° SSO Dedicated/Rideshare inferred from multiple named customers. [Rev basis: est. $125.3M/16 FY25 10-K, conf MED; see README]"
48,2024-05-25 07:41 UTC,Electron,"Ready, Aim, PREFIRE",NASA,Disclosed,"LC-1B (Mahia, NZ)",Dedicated,Success,None attempted,,,7831000,,https://en.wikipedia.org/wiki/List_of_Electron_launches | https://www.space.com/rocket-lab-nasa-prefire-climate-change-mission-launch,"First of two launches for NASA's PREFIRE mission. Payload: PREFIRE 1 (~15 kg) Destination: 525 km 97.5° SSO [Rev basis: est. $125.3M/16 FY25 10-K, conf MED; see README]"
49,2024-06-05 03:15 UTC,Electron,PREFIRE And Ice,NASA,Disclosed,"LC-1B (Mahia, NZ)",Dedicated,Success,None attempted,,,7831000,,https://en.wikipedia.org/wiki/List_of_Electron_launches | https://www.space.com/rocket-lab-prefire-and-ice-climate-change-mission-launch,"Second of two launches for NASA's PREFIRE mission. Payload: PREFIRE 2 (~15 kg) Destination: 525 km 97.5° SSO [Rev basis: est. $125.3M/16 FY25 10-K, conf MED; see README]"
50,2024-06-20 18:13 UTC,Electron,No Time Toulouse,Kinéis,Disclosed,"LC-1B (Mahia, NZ)",Dedicated,Success,None attempted,,,7831000,,https://en.wikipedia.org/wiki/List_of_Electron_launches | https://www.space.com/rocket-lab-50th-mission-launch-kineis-iot-satellites,"First of five dedicated launches for Kinéis' IoT satellite constellation. Electron 50th mission. Payload: Kinéis × 5 (150 kg) Destination: 635 km 98° SSO [Rev basis: est. $125.3M/16 FY25 10-K, conf MED; see README]"
51,2024-08-02 16:39 UTC,Electron,"Owl For One, One For Owl",Synspective,Disclosed,"LC-1B (Mahia, NZ)",Dedicated,Success,None attempted,,,7831000,,https://en.wikipedia.org/wiki/List_of_Electron_launches | https://www.rocketlabusa.com/updates/rocket-lab-successfully-completes-latest-launch-for-synspective/,"Fifth of 47 dedicated launches for Synspective's StriX constellation. Payload: StriX-4 (100 kg) Destination: 543 km, 43° LEO [Rev basis: est. $125.3M/16 FY25 10-K, conf MED; see README]"
52,2024-08-11 13:18 UTC,Electron,A Sky Full Of SARs,Capella Space,Disclosed,"LC-1B (Mahia, NZ)",Dedicated,Success,None attempted,,,7831000,,https://en.wikipedia.org/wiki/List_of_Electron_launches | https://www.space.com/rocket-lab-capella-space-radar-satellite-launch-august-2024,"Third of four dedicated launches for Capella Space with Acadia satellites. Payload: Acadia 3 (165 kg) Destination: 615 km, 53° LEO [Rev basis: est. $125.3M/16 FY25 10-K, conf MED; see README]"
53,2024-09-20 23:01 UTC,Electron,Kinéis Killed The RadIoT Star,Kinéis,Disclosed,"LC-1A (Mahia, NZ)",Dedicated,Success,None attempted,,,7831000,,https://en.wikipedia.org/wiki/List_of_Electron_launches | https://www.space.com/rocket-lab-kineis-2nd-satellite-launch-webcast | https://spacenews.com/rocket-lab-wins-multi-launch-deal-for-iot-constellation/,"Second of five dedicated launches for Kinéis' IoT satellite constellation. First launch from LC-1A since July 2022. Payload: Kinéis × 5 (150 kg) Destination: 643 km 98° LEO [Rev basis: est. $125.3M/16 FY25 10-K, conf MED; see README]"
54,2024-11-05 10:54 UTC,Electron,"Changes In Latitudes, Changes In Attitudes",E-Space,Disclosed,"LC-1B (Mahia, NZ)",Dedicated,Success,None attempted,,,7831000,,https://en.wikipedia.org/wiki/List_of_Electron_launches | https://www.space.com/space-exploration/launches-spacecraft/watch-rocket-lab-launch-mystery-mission-early-on-nov-4 | https://spacenews.com/rocket-lab-launches-undisclosed-commercial-payload/,"Launch of a yet to identified satellite to SSO for an undisclosed customer. The customer is suspected to be Low Earth Orbit communication satellite constellation operator E-Space. Launch contract was signed less than 2 months before launch. Payload: Protosat-1 (Classified) Destination: SSO [Rev basis: est. $125.3M/16 FY25 10-K, conf MED; see README]"
55,2024-11-24 06:00 UTC,HASTE,HASTE A La Vista,Leidos,Disclosed,"LC-2 (Wallops/MARS, VA)",Dedicated,Success,None attempted,,,7831000,,https://en.wikipedia.org/wiki/List_of_Electron_launches | https://www.rocketlabusa.com/updates/rocket-lab-signs-deal-with-leidos-to-launch-four-haste-missions/ | https://web.archive.org/web/20240104071712/https://www.rocketlabusa.com/updates/rocket-lab-signs-deal-with-leidos-to-launch-four-haste-missions/,"First of four sub-Orbital launches for Leidos under the MACH-TB project. Payload: MACH-TB (Classified) [Rev basis: est. $125.3M/16 FY25 10-K, conf MED; see README] HASTE = suborbital Electron derivative; counts as a launch mission in RKLB disclosures."
56,2024-11-25 03:55 UTC,Electron,Ice AIS Baby,Kinéis,Disclosed,"LC-1B (Mahia, NZ)",Dedicated,Success,None attempted,,,7831000,,https://en.wikipedia.org/wiki/List_of_Electron_launches | https://www.space.com/space-exploration/launches-spacecraft/watch-rocket-lab-launch-5-french-internet-of-things-satellites-tonight,"Third of five dedicated launches for Kinéis' IoT satellite constellation. Rocket Lab completes 200th satellites launched on this mission. Payload: Kinéis × 5 (150 kg) Destination: 643 km 97° LEO [Rev basis: est. $125.3M/16 FY25 10-K, conf MED; see README]"
57,2024-12-14 01:00 UTC,HASTE,Stonehenge,Confidential,Undisclosed,"LC-2 (Wallops/MARS, VA)",Dedicated,Success,None attempted,,,7831000,,https://en.wikipedia.org/wiki/List_of_Electron_launches | https://www.rocketlabusa.com/updates/rocket-lab-inks-new-deal-to-launch-haste-mission-from-virginia/ | https://web.archive.org/web/20240207134724/https://www.rocketlabusa.com/updates/rocket-lab-inks-new-deal-to-launch-haste-mission-from-virginia/,"The launch deal was signed with a confidential customer just days after the first HASTE launch took place. Payload: Unknown (Classified) INFERENCE: likely US DoD/hypersonic test customer (MDA, DIU or prime) given HASTE profile, LC-2 Wallops launch and classified payload. Confidence MEDIUM-HIGH. [Rev basis: est. $125.3M/16 FY25 10-K, conf MED; see README] HASTE = suborbital Electron derivative; counts as a launch mission in RKLB disclosures."
58,2024-12-21 14:17 UTC,Electron,Owl The Way Up,Synspective,Disclosed,"LC-1B (Mahia, NZ)",Dedicated,Success,None attempted,,,7831000,,https://en.wikipedia.org/wiki/List_of_Electron_launches | https://www.space.com/space-exploration/launches-spacecraft/watch-rocket-lab-launch-a-private-earth-imaging-satellite-this-morning,"Sixth of 47 dedicated launches for Synspective's StriX constellation. Rocket Lab completes this year with 14 orbital launches and 2 of the suborbital HASTE program from Wallops in Virginia. A new record for the company with 16 launches in the year. === 2025 === sticky header {| class=""wikitable sortable sticky-header"" style=""width: 100%"" ! Flight No. ! Name ! Date/time (UTC) ! Launch site ! Payload ! Payload Mass ! Destination ! Customer(s) ! Launch outcome ! Booster recovery Payload: StriX-2 (100 kg) Destination: 574 km, 97° SSO [Rev basis: est. $125.3M/16 FY25 10-K, conf MED; see README]"
59,2025-02-08 20:43 UTC,Electron,IoT 4 You and Me,Kinéis,Disclosed,"LC-1A (Mahia, NZ)",Dedicated,Success,None attempted,,,9476000,,https://en.wikipedia.org/wiki/List_of_Electron_launches | https://www.space.com/space-exploration/launches-spacecraft/watch-rocket-lab-launch-5-internet-of-things-satellites-iot-4-you-and-me,"Fourth of five dedicated launches for Kinéis' IoT satellite constellation. Payload: Kinéis × 5 (150 kg) Destination: 646 km 97° SSO [Rev basis: est. $199.0M/21 FY25 10-K, conf MED; see README]"
60,2025-02-18 23:17 UTC,Electron,Fasten Your Space Belts,BlackSky,Disclosed,"LC-1B (Mahia, NZ)",Dedicated,Success,None attempted,,,9476000,,https://en.wikipedia.org/wiki/List_of_Electron_launches | https://www.rocketlabusa.com/missions/missions-launched/fasten-your-space-belts/,"Rocket Lab's first of multiple new missions for BlackSky. Payload: BlackSky Gen-3 x 1 (138 kg) Destination: 470 km 59° LEO [Rev basis: est. $199.0M/21 FY25 10-K, conf MED; see README]"
61,2025-03-15 00:00 UTC,Electron,The Lightning God Reigns,iQPS,Disclosed,"LC-1B (Mahia, NZ)",Dedicated,Success,None attempted,,,9476000,,https://en.wikipedia.org/wiki/List_of_Electron_launches | https://www.space.com/space-exploration/launches-spacecraft/rocket-lab-lightning-god-reigns-mission-launch,"First of 17th dedicated launches to support the build out of iQPS’ planned constellation of 36 synthetic aperture radar (SAR) satellites. Payload: QPS-SAR-9 (100 kg) Destination: 575 km 42° LEO [Rev basis: est. $199.0M/21 FY25 10-K, conf MED; see README]"
62,2025-03-18 01:31 UTC,Electron,High Five,Kinéis,Disclosed,"LC-1A (Mahia, NZ)",Dedicated,Success,None attempted,,,9476000,,https://en.wikipedia.org/wiki/List_of_Electron_launches | https://www.space.com/space-exploration/launches-spacecraft/rocket-lab-kineis-internet-of-things-high-five-launch,"Fifth of five dedicated launches for Kinéis' IoT satellite constellation. Payload: Kinéis × 5 (150 kg) Destination: 650 km 97° SSO [Rev basis: est. $199.0M/21 FY25 10-K, conf MED; see README]"
63,2025-03-26 15:30 UTC,Electron,Finding Hot Wildfires Near You,OroraTech,Disclosed,"LC-1B (Mahia, NZ)",Dedicated,Success,None attempted,,,9476000,,https://en.wikipedia.org/wiki/List_of_Electron_launches | https://www.space.com/space-exploration/launches-spacecraft/rocket-lab-electron-finding-hot-wildfires-near-you,"OroraTech is developing a constellation of satellites with thermal infrared cameras that can provide 24/7 monitoring of wildfires globally, supporting better and faster wildfire response to protect forests, people, and infrastructure worldwide. Payload: OroraTech OTC-P1 x 8 (64 ~ 96 kg Approximately) Destination: 550 km 97° SSO [Rev basis: est. $199.0M/21 FY25 10-K, conf MED; see README]"
64,2025-05-17 08:17 UTC,Electron,The Sea God Sees,iQPS,Disclosed,"LC-1A (Mahia, NZ)",Dedicated,Success,None attempted,,,9476000,,https://en.wikipedia.org/wiki/List_of_Electron_launches | https://www.space.com/space-exploration/launches-spacecraft/watch-rocket-lab-launch-private-japanese-earth-observing-satellite-early-may-17,"Second of 17th dedicated launches to support the build out of iQPS’ planned constellation of 36 synthetic aperture radar (SAR) satellites. Payload: QPS-SAR-10 (100 kg) Destination: 575 km 42° LEO [Rev basis: est. $199.0M/21 FY25 10-K, conf MED; see README]"
65,2025-06-02 23:57 UTC,Electron,Full Stream Ahead,BlackSky,Disclosed,"LC-1B (Mahia, NZ)",Dedicated,Success,None attempted,,,9476000,,https://en.wikipedia.org/wiki/List_of_Electron_launches | https://www.space.com/space-exploration/launches-spacecraft/watch-rocket-lab-launch-private-earth-observing-satellite-to-orbit-tonight,"Second of five dedicated launches for BlackSky's 3rd generation satellites. Payload: BlackSky Gen-3 x 1 (138 kg) Destination: 470 km 59° LEO [Rev basis: est. $199.0M/21 FY25 10-K, conf MED; see README]"
66,2025-06-11 15:31 UTC,Electron,The Mountain God Guards,iQPS,Disclosed,"LC-1A (Mahia, NZ)",Dedicated,Success,None attempted,,,9476000,,https://en.wikipedia.org/wiki/List_of_Electron_launches | https://www.space.com/space-exploration/launches-spacecraft/rocket-lab-launches-japanese-earth-observing-radar-satellite-to-orbit,"Third of 17th dedicated launches to support the build out of iQPS’ planned constellation of 36 synthetic aperture radar (SAR) satellites. Payload: QPS-SAR-11 (100 kg) Destination: 575 km 42° LEO [Rev basis: est. $199.0M/21 FY25 10-K, conf MED; see README]"
67,2025-06-26 17:28 UTC,Electron,Get The Hawk Outta Here,HawkEye 360,Disclosed,"LC-1A (Mahia, NZ)",Dedicated,Success,None attempted,,,9476000,,https://en.wikipedia.org/wiki/List_of_Electron_launches | https://www.space.com/space-exploration/launches-spacecraft/rocket-lab-launches-get-the-hawk-outta-here-mission-from-new-zealand-video,"First of two dedicated launches for HawkEye 360. Payload: HawkEye 360 Cluster 12 (3 satellites); Kestrel-0A (105 kg) Destination: 520 km 97.45° LEO [Rev basis: est. $199.0M/21 FY25 10-K, conf MED; see README]"
68,2025-06-28 07:08 UTC,Electron,Symphony In The Stars,EchoStar,Disclosed,"LC-1B (Mahia, NZ)",Dedicated,Success,None attempted,,,9476000,,https://en.wikipedia.org/wiki/List_of_Electron_launches | https://www.space.com/space-exploration/launches-spacecraft/watch-rocket-lab-launch-secret-satellite-to-orbit-today,"First of two dedicated missions on Electron to deploy a single spacecraft to a 650 km circular Earth orbit for a confidential commercial customer. A second dedicated launch on Electron to meet those same mission requirements is scheduled for launch before the end of 2025. A possible identity of the payload (based on the mission patch, mission name and the orbit altitude) is it being an EchoStar Lyra Block 1 S-band IoT (Internet-of-Things) communication satellite, of which 4 are planned. 2 Electron launches from the same launch complex in Mahia after 37h of the last launch with the ""Get The Hawk Outta Here"" mission from LC-1A, and a new record among Electron missions. Payload: Lyra Block 1-2 (Lyra-4) (~74 kg) Destination: 650 km SSO [Rev basis: est. $199.0M/21 FY25 10-K, conf MED; see README]"
69,2025-08-05 04:10 UTC,Electron,The Harvest Goddess Thrives,iQPS,Disclosed,"LC-1B (Mahia, NZ)",Dedicated,Success,None attempted,,,9476000,,https://en.wikipedia.org/wiki/List_of_Electron_launches | https://www.space.com/space-exploration/launches-spacecraft/rocket-lab-launch-private-japanese-radar-satellite-iqps-harvest-god-thrives,"Fourth of 17th dedicated launches to support the build out of iQPS’ planned constellation of 36 synthetic aperture radar (SAR) satellites. Payload: QPS-SAR-12 (100 kg) Destination: 575 km 42° LEO [Rev basis: est. $199.0M/21 FY25 10-K, conf MED; see README]"
70,2025-08-23 22:42 UTC,Electron,"Live, Laugh, Launch",E-Space,Disclosed,"LC-1A (Mahia, NZ)",Dedicated,Success,None attempted,,,9476000,,https://en.wikipedia.org/wiki/List_of_Electron_launches | https://www.space.com/space-exploration/launches-spacecraft/rocket-lab-electron-five-satellites-mystery-mission-live-laugh-launch,"Second of two dedicated missions on Electron to a 655 km circular Earth orbit for a confidential commercial customer. 1 month after launch, the 5 payloads were identified in Space-Track as Calistus, which must belong to E-Space, for a future communication constellation of the company. Electron 70th mission. Payload: Calistus A, B, C, D, E Destination: 655 km SSO [Rev basis: est. $199.0M/21 FY25 10-K, conf MED; see README]"
71,2025-09-23 00:00 UTC,HASTE,Jenna,Unknown,Undisclosed,"LC-2 (Wallops/MARS, VA)",Dedicated,Success,None attempted,,,9476000,,https://en.wikipedia.org/wiki/List_of_Electron_launches,"Suborbital mission for Unknown Customer. Payload: Unknown (Classified) INFERENCE: likely US DoD/hypersonic test customer (MDA, DIU or prime) given HASTE profile, LC-2 Wallops launch and classified payload. Confidence MEDIUM-HIGH. [Rev basis: est. $199.0M/21 FY25 10-K, conf MED; see README] HASTE = suborbital Electron derivative; counts as a launch mission in RKLB disclosures."
72,2025-10-01 00:28 UTC,HASTE,Justin,Unknown,Undisclosed,"LC-2 (Wallops/MARS, VA)",Dedicated,Success,None attempted,,,9476000,,https://en.wikipedia.org/wiki/List_of_Electron_launches,"Suborbital mission for Unknown Customer. Payload: Unknown (Classified) INFERENCE: likely US DoD/hypersonic test customer (MDA, DIU or prime) given HASTE profile, LC-2 Wallops launch and classified payload. Confidence MEDIUM-HIGH. [Rev basis: est. $199.0M/21 FY25 10-K, conf MED; see README] HASTE = suborbital Electron derivative; counts as a launch mission in RKLB disclosures."
73,2025-10-14 16:33 UTC,Electron,Owl New World,Synspective,Disclosed,"LC-1A (Mahia, NZ)",Dedicated,Success,None attempted,,,9476000,,https://en.wikipedia.org/wiki/List_of_Electron_launches | https://www.space.com/space-exploration/launches-spacecraft/rocket-lab-launch-owl-new-world-synspective-satellite,"Seventh of 47 dedicated launches for Synspective's StriX constellation, and the first of a renewed contract of 10 additional dedicated launches signed in June 2024. Payload: StriX-5 (100 kg) Destination: 583 km, 42° LEO [Rev basis: est. $199.0M/21 FY25 10-K, conf MED; see README]"
74,2025-11-05 19:51 UTC,Electron,The Nation God Navigates,iQPS,Disclosed,"LC-1B (Mahia, NZ)",Dedicated,Success,None attempted,,,9476000,,https://en.wikipedia.org/wiki/List_of_Electron_launches | https://www.space.com/space-exploration/launches-spacecraft/rocket-lab-electron-launch-iqps-radar-satellite-nation-god-navigates,"Fifth of 17th dedicated launches to support the build out of iQPS’ planned constellation of 36 synthetic aperture radar (SAR) satellites. Payload: QPS-SAR-14 (100 kg) Destination: 575 km 42° LEO [Rev basis: est. $199.0M/21 FY25 10-K, conf MED; see README]"
75,2025-11-18 13:00 UTC,HASTE,Prometheus Run,DIU,Disclosed,"LC-2 (Wallops/MARS, VA)",Dedicated,Success,None attempted,,,9476000,,https://en.wikipedia.org/wiki/List_of_Electron_launches,"The mission deployed a government-provided primary payload developed by the Johns Hopkins University Applied Physics Laboratory, and multiple secondary payloads by federal and industry partners, which tested key technologies for missile defense applications. Payload: Van (Classified) [Rev basis: est. $199.0M/21 FY25 10-K, conf MED; see README] HASTE = suborbital Electron derivative; counts as a launch mission in RKLB disclosures."
76,2025-11-20 12:43 UTC,Electron,Follow My Speed,BlackSky,Disclosed,"LC-1A (Mahia, NZ)",Dedicated,Success,None attempted,,,9476000,,https://en.wikipedia.org/wiki/List_of_Electron_launches | https://rocketlabcorp.com/missions/missions-launched/follow-my-speed/,"Dedicated launch for a confidential commercial customer, launching a single spacecraft to a circular Earth orbit. Third of five dedicated launches for BlackSky's 3rd generation satellites. Payload and customer identities unconfirmed, identification based on mission patch similar to the BlackSky satellites. Payload: BlackSky Gen-3 x 1 (138 kg) Destination: LEO [Rev basis: est. $199.0M/21 FY25 10-K, conf MED; see README]"
77,2025-12-14 03:09 UTC,Electron,RAISE And Shine,JAXA,Disclosed,"LC-1B (Mahia, NZ)",Dedicated,Success,None attempted,,,9476000,,https://en.wikipedia.org/wiki/List_of_Electron_launches | https://www.space.com/space-exploration/launches-spacecraft/rocket-lab-launch-japanese-technology-demonstrating-satellite-raise-and-shine,"RAISE-4 is part of the Innovative Satellite Technology Demonstration-4 mission. RAISE-4 (RApid Innovative payload demonstration SatellitE-4) is a satellite for on-orbit demonstrations of eight demonstration components and equipment selected by public solicitation. The satellite will be operated in response to requests from the demonstration theme proposers, and will provide experimental data of the demonstration devices and environmental data during the experiments. Payload: RAISE-4 (110 kg) Destination: 540km SSO [Rev basis: est. $199.0M/21 FY25 10-K, conf MED; see README]"
78,2025-12-18 05:03 UTC,Electron,Don't Be Such A Square,U.S. Space Force,Disclosed,"LC-2 (Wallops/MARS, VA)",Dedicated,Success,None attempted,,,9476000,,https://en.wikipedia.org/wiki/List_of_Electron_launches | https://www.space.com/space-exploration/launches-spacecraft/rocket-lab-electron-launch-disksats-us-space-force,"The mission, slated to launch the satellite DISKSat, is a launch scheduled to take place within 24 months from contract award to demonstrate Rocket Lab's responsive space program. Payload: STP-S30 (64 kg) Destination: 550km VLEO [Rev basis: est. $199.0M/21 FY25 10-K, conf MED; see README]"
79,2025-12-21 06:36 UTC,Electron,The Wisdom God Guides,iQPS,Disclosed,"LC-1B (Mahia, NZ)",Dedicated,Success,None attempted,,,9476000,,https://en.wikipedia.org/wiki/List_of_Electron_launches | https://rocketlabcorp.com/missions/missions-launched/the-wisdom-god-guides/,"Sixth of 17th dedicated launches to support the build out of iQPS’ planned constellation of 36 synthetic aperture radar (SAR) satellites. === 2026 === sticky header {| class=""wikitable sortable sticky-header"" style=""width: 100%"" ! Flight No. ! Name ! Date/time (UTC) ! Launch site ! Payload ! Payload Mass ! Destination ! Customer(s) ! Launch outcome ! Booster recovery Payload: QPS-SAR-15 (100 kg) Destination: 575 km 42° LEO [Rev basis: est. $199.0M/21 FY25 10-K, conf MED; see README]"
80,2026-01-22 10:52 UTC,Electron,The Cosmos Will See You Now,Open Cosmos,Disclosed,"LC-1A (Mahia, NZ)",Dedicated,Success,None attempted,,,9021000,,https://en.wikipedia.org/wiki/List_of_Electron_launches | https://rocketlabcorp.com/missions/launches/the-cosmos-will-see-you-now/,"First 2 satellites of Open Cosmos' secure LEO broadband constellation designed to provide independent and resilient connectivity infrastructure for Europe and the world using high-priority Ka-band spectrum filings by the Principality of Liechtenstein. Payload: Open Cosmos Constellation x2 Satellites Destination: 1,050 km 89° LEO [Rev basis: est. $108.249M/12 H1-26 10-Q, conf MED; see README]"
81,2026-01-30 01:21 UTC,Electron,Bridging The Swarm,KAIST,Disclosed,"LC-1A (Mahia, NZ)",Dedicated,Success,None attempted,,,9021000,,https://en.wikipedia.org/wiki/List_of_Electron_launches | https://www.space.com/space-exploration/launches-spacecraft/rocket-lab-launch-korean-disaster-monitoring-satellite-after-delay,"The NeonSat-1A Satellite is designed to test the constellation capabilities of the South Korean government's microsatellite constellation. The microsatellite constellation is the first satellite system developed by the government using a mass-production approach for precise monitoring of the Korean Peninsula. Payload: NeonSat-1A (100 kg) Destination: 540 km 97.4° SSO [Rev basis: est. $108.249M/12 H1-26 10-Q, conf MED; see README]"
82,2026-02-28 00:00 UTC,HASTE,That's Not A Knife,DIU; Hypersonix,Disclosed,"LC-2 (Wallops/MARS, VA)",Rideshare,Success,None attempted,,,9021000,,https://en.wikipedia.org/wiki/List_of_Electron_launches | https://www.rocketlabusa.com/updates/rocket-lab-adds-new-haste-launch-from-virginia-for-the-department-of-defenses-defense-innovation-unit/ | https://web.archive.org/web/20240112113006/https://www.rocketlabusa.com/updates/rocket-lab-adds-new-haste-launch-from-virginia-for-the-department-of-defenses-defense-innovation-unit/,"The Cassowary Vex mission will deploy a payload from Hypersonix called DART AE, a scramjet-powered hypersonic vehicle capable of speeds up to Mach 7. This mission will also demonstrate HASTE's direct inject capabilities by deploying the payload while the rocket is still ascending within Earth's atmosphere. Payload: DART AE (Classified) Dedicated/Rideshare inferred from multiple named customers. [Rev basis: est. $108.249M/12 H1-26 10-Q, conf MED; see README] HASTE = suborbital Electron derivative; counts as a launch mission in RKLB disclosures."
83,2026-03-05 23:53 UTC,Electron,Insight At Speed Is A Friend Indeed,BlackSky,Disclosed,"LC-1A (Mahia, NZ)",Dedicated,Success,None attempted,,,9021000,,https://en.wikipedia.org/wiki/List_of_Electron_launches | https://www.space.com/space-exploration/launches-spacecraft/rocket-lab-electron-launch-confidential-commercial-customer,"Dedicated launch for a confidential commercial customer, launching a single spacecraft to orbit. Fourth of five dedicated launches for BlackSky's 3rd generation satellites. Payload: BlackSky Gen-3 x 1 (138 kg) Destination: 470 km LEO [Rev basis: est. $108.249M/12 H1-26 10-Q, conf MED; see README]"
84,2026-03-20 18:10 UTC,Electron,Eight Days A Week,Synspective,Disclosed,"LC-1B (Mahia, NZ)",Dedicated,Success,None attempted,,,9021000,,https://en.wikipedia.org/wiki/List_of_Electron_launches | https://www.space.com/space-exploration/launches-spacecraft/rocket-lab-electron-launch-synspective-eight-days-a-week,"Eighth of 47 dedicated launches for Synspective's StriX constellation. Payload: StriX-6 (100 kg) Destination: 573 km, 50.2° LEO [Rev basis: est. $108.249M/12 H1-26 10-Q, conf MED; see README]"
85,2026-03-28 09:14 UTC,Electron,Daughter Of The Stars,ESA,Disclosed,"LC-1A (Mahia, NZ)",Dedicated,Success,None attempted,,,9021000,,https://en.wikipedia.org/wiki/List_of_Electron_launches | https://rocketlabcorp.com/missions/launches/daughter-of-the-stars/,"Rocket Lab has been selected by the European Space Agency (ESA) to deploy the first pair of satellites for a future navigation constellation, Celeste LEO-PNT (Low Earth Orbit Positioning, Navigation, and Timing). Rocket Lab will launch two “Pathfinder A” spacecraft, provided by European satellite prime contractors Thales Alenia Space and GMV, to a 510 km low Earth orbit. Payload: Celeste Pathfinder A × 2 (~50 kg) Destination: 510 km LEO [Rev basis: est. $108.249M/12 H1-26 10-Q, conf MED; see README]"
86,2026-04-22 01:36 UTC,HASTE,Bubbles,Unknown,Undisclosed,"LC-2 (Wallops/MARS, VA)",Dedicated,Success,None attempted,,,9021000,,https://en.wikipedia.org/wiki/List_of_Electron_launches,"Suborbital mission for Unknown Customer. Payload: Unknown (Classified) INFERENCE: likely US DoD/hypersonic test customer (MDA, DIU or prime) given HASTE profile, LC-2 Wallops launch and classified payload. Confidence MEDIUM-HIGH. [Rev basis: est. $108.249M/12 H1-26 10-Q, conf MED; see README] HASTE = suborbital Electron derivative; counts as a launch mission in RKLB disclosures."
87,2026-04-23 03:09 UTC,Electron,Kakushin Rising,JAXA,Disclosed,"LC-1A (Mahia, NZ)",Dedicated,Success,None attempted,,,9021000,,https://en.wikipedia.org/wiki/List_of_Electron_launches | https://www.space.com/space-exploration/launches-spacecraft/rocket-lab-launch-eight-japanese-satellites-kakushin-rising-mission,"Part of JAXA's Innovative Satellite Technology Demonstration-4 mission. JAXA-manifested rideshare of eight separate spacecraft that includes educational small sats, an ocean monitoring satellite, a demonstration satellite for ultra-small multispectral cameras, and a deployable antenna that can be packed tightly using origami folding techniques and unfurled to 25 times its size. Payload: WASEDA-SAT-ZERO-II; FSI-SAT2; OrigamiSat-2; Mono-Nikko; ARICA-2; PRELUDE; MAGNARO-II x 2; KOSEN-2R (~25 kg) Destination: 540 km, 97.5° SSO [Rev basis: est. $108.249M/12 H1-26 10-Q, conf MED; see README]"
88,2026-05-22 09:33 UTC,Electron,Viva La StriX,Synspective,Disclosed,"LC-1B (Mahia, NZ)",Dedicated,Success,None attempted,,,9021000,,https://en.wikipedia.org/wiki/List_of_Electron_launches | https://www.space.com/space-exploration/launches-spacecraft/watch-rocket-lab-launch-private-japanese-earth-observing-satellite-early-on-may-22,"Ninth of 47 dedicated launches for Synspective's StriX constellation. Payload: StriX-7 (100 kg) Destination: 572 km, 44.8° LEO [Rev basis: est. $108.249M/12 H1-26 10-Q, conf MED; see README]"
89,2026-06-11 08:00 UTC,HASTE,Curveball,Unknown,Undisclosed,"LC-2 (Wallops/MARS, VA)",Dedicated,Success,None attempted,,,9021000,,https://en.wikipedia.org/wiki/List_of_Electron_launches,"Suborbital mission for Unknown Customer. First HASTE launch to reach orbit, reaching an altitude of approximately 200km. === Planned launches === {| class=""wikitable"" style=""width: 100%"" Payload: Unknown (Classified) INFERENCE: likely US DoD/hypersonic test customer (MDA, DIU or prime) given HASTE profile, LC-2 Wallops launch and classified payload. Confidence MEDIUM-HIGH. [Rev basis: est. $108.249M/12 H1-26 10-Q, conf MED; see README] HASTE = suborbital Electron derivative; counts as a launch mission in RKLB disclosures."
90,2026-06-19 10:19 UTC,Electron,VICTUS HAZE,Space Systems Command,Disclosed,"LC-1A (Mahia, NZ)",Dedicated,Success,None attempted,,,9021000,,https://en.wikipedia.org/wiki/List_of_Electron_launches | https://x.com/planet4589/status/2068407190868652392?s=20 | https://www.spacex.com/launches/cas500-2,"Rocket Lab was contracted to design, build, launch, and operate a technology demonstration satellite for the U.S. Space Force's Tactically Responsive Space (TacRS) program. Once the spacecraft build phase was complete, the mission entered a ""hot standby"" phase awaiting launch. Rocket Lab will have just 24 hours' notice from Space Force to launch the spacecraft. Once on orbit, the spacecraft will perform rendezvous and proximity operations (RPO) with True Anomaly's Jackal autonomous orbital vehicle, which was launched separately by a Falcon 9 as a ride-share payload for the CAS500-2 mission. Payload: Victus Haze Puma (TacRS 4) (Classified) Destination: 347 km x 461 km, 97.5° SSO [Rev basis: est. $108.249M/12 H1-26 10-Q, conf MED; see README]"
91,2026-06-26 17:43 UTC,Electron,Ten Owl Of Ten,Synspective,Disclosed,"LC-1B (Mahia, NZ)",Dedicated,Success,None attempted,,,9021000,,https://en.wikipedia.org/wiki/List_of_Electron_launches | https://www.space.com/space-exploration/launches-spacecraft/rocket-lab-ten-owl-of-ten-mission-for-synspective-launch,"10th of 47 dedicated launches for Synspective's StriX constellation. Payload: StriX-8 (100 kg) Destination: 552 km, 42° LEO [Rev basis: est. $108.249M/12 H1-26 10-Q, conf MED; see README]"
92,2026-08-06 09:18 UTC,Electron,The Grain Goddess Provides,iQPS,Disclosed,"LC-1A (Mahia, NZ)",Dedicated,Success,None attempted,,,9021000,,https://en.wikipedia.org/wiki/List_of_Electron_launches | https://spacenews.com/rocket-lab-launches-8th-iqps-satellite/,"Seventh of 17 dedicated launches to support the build out of iQPS’ planned constellation of 36 synthetic aperture radar (SAR) satellites. Payload: QPS-SAR-13 (100 kg) Destination: 575 km 42° LEO [Rev basis: est. $108.249M/12 H1-26 10-Q, conf MED; see README]"
93,2026-08-20 13:04 UTC,Electron,The Lightning God Defends,iQPS,Disclosed,"LC-1B (Mahia, NZ)",Dedicated,Success,None attempted,,,9021000,,https://en.wikipedia.org/wiki/List_of_Electron_launches | https://www.space.com/space-exploration/launches-spacecraft/rocket-lab-launch-private-japanese-earth-observing-sar-satellite-lightning-god-defends,"Eighth of 17 dedicated launches to support the build out of iQPS’ planned constellation of 36 synthetic aperture radar (SAR) satellites. Payload: QPS-SAR-18 (100 kg) Destination: 575 km 42° LEO [Rev basis: est. $108.249M/12 H1-26 10-Q, conf MED; see README]"
94,2026-09-02 12:01 UTC,Electron,Owl Around The World,Synspective,Disclosed,"LC-1B (Mahia, NZ)",Dedicated,Success,None attempted,,,9021000,,https://en.wikipedia.org/wiki/List_of_Electron_launches | https://www.space.com/space-exploration/launches-spacecraft/watch-rocket-lab-launch-japanese-radar-satellite-to-orbit-early-aug-31,"11th of 47 dedicated launches for Synspective's StriX constellation. Payload: StriX-9 (100 kg) Destination: 575 km, 38° LEO [Rev basis: est. $108.249M/12 H1-26 10-Q, conf MED; see README]"
95,2026-09-11 03:28 UTC,Electron,Happily Ever Faster,BlackSky,Disclosed,"LC-1A (Mahia, NZ)",Dedicated,Success,None attempted,,,9021000,,https://en.wikipedia.org/wiki/List_of_Electron_launches | https://rocketlabcorp.com/updates/mission-success/,"Dedicated launch for a confidential commercial customer, launching a single spacecraft to orbit. Fifth of five dedicated launches for BlackSky's 3rd generation satellites. Payload: BlackSky Gen-3 x 1 (138 kg) Destination: 500 km LEO [Rev basis: est. $108.249M/12 H1-26 10-Q, conf MED; see README]"
96,2026-09-19 03:22 UTC,Electron,Owl By The Dozen,Synspective,Disclosed,"LC-1B (Mahia, NZ)",Dedicated,Success,None attempted,,,9021000,,https://en.wikipedia.org/wiki/List_of_Electron_launches | https://www.space.com/space-exploration/launches-spacecraft/rocket-lab-electron-owl-by-the-dozen-launch,"12th of 47 dedicated launches for Synspective's StriX constellation. Payload: StriX-10 (100 kg) Destination: 572 km, 38° LEO [Rev basis: est. $108.249M/12 H1-26 10-Q, conf MED; see README]"
97,2026-09-26 00:39 UTC,Electron,"Owlright, Owlright, Owlright",Synspective,Disclosed,"LC-1B (Mahia, NZ)",Dedicated,Success,None attempted,,,9021000,,https://en.wikipedia.org/wiki/List_of_Electron_launches | https://www.space.com/space-exploration/launches-spacecraft/owlright-owlright-owlright-watch-rocket-lab-launch-private-japanese-radar-satellite-tonight,"13th of 47 dedicated launches for Synspective's StriX constellation. Payload: StriX-12 (100 kg) Destination: 559 km, 37° LEO [Rev basis: est. $108.249M/12 H1-26 10-Q, conf MED; see README]"
