Announcement Date,Vehicle,Customer(s),Number of Launches in booking,Announced Timeframe,Launch Site,Contract Value - Disclosed ($),Contract Value - Estimated ($),Status,Timeframe Change History,Sources,Notes
2026-09-30,Electron,Synspective,20,Annual launches scheduled from 2028 through 2031,"LC-1 (Mahia, NZ)",,180420000,Booked,2026-09-30 observed: announced for 2028-2031. No changes yet.,https://www.globenewswire.com/news-release/2026/09/30/3372466/0/en/rocket-lab-secures-largest-ever-electron-commercial-deal-20-launch-contract-for-synspective.html | https://en.wikipedia.org/wiki/List_of_Electron_launches,"NEW THIS RUN. Largest-ever commercial Electron deal. Brings Synspective to 47 total contracted Electron missions, making it Rocket Lab's largest launch customer. Deploys StriX SAR satellites to SSO. Rocket Lab stated ""the remaining terms of the deal are undisclosed."" PROGRAM RECONCILIATION at 2026-10-05: Synspective = 47 contracted, 13 flown, 34 remaining. est. basis: $9.02M/launch = H1 2026 disclosed launch services revenue $108.249M / 12 missions flown (Q2 2026 10-Q)"
2025-09-29,Electron,Synspective,10,"""through to the end of the decade""","LC-1 (Mahia, NZ)",,90210000,Booked - partially flown,"2025-09-29 observed: announced ""through to the end of the decade"".",https://www.globenewswire.com/news-release/2025/09/29/3158152/0/en/Rocket-Lab-and-Synspective-Strike-Another-10-Launch-Deal-Boosting-Contracted-Missions-to-21-Electron-Launches.html | https://en.wikipedia.org/wiki/List_of_Electron_launches,"Second 10-launch tranche; took contracted Synspective missions to 21 at the time. Manifest lists these as missions 16-26 of the Synspective program. PARTIALLY FLOWN: booking size shown is as announced, not remaining. Tranche-level flown attribution is not separable from public sources; use the program reconciliation (47 contracted / 13 flown / 34 remaining) instead. est. basis: $9.02M/launch = H1 2026 disclosed launch services revenue $108.249M / 12 missions flown (Q2 2026 10-Q)"
2024-06-18,Electron,Synspective,10,Not stated in the sources reviewed this run,"LC-1 (Mahia, NZ)",,90210000,Booked - partially flown,2024-06-18 observed: announcement date confirmed via secondary source; announced timeframe not captured.,https://rocketlabcorp.com/updates/rocket-lab-signs-record-deal-for-10-electron-launches-with-synspective/ | https://en.wikipedia.org/wiki/List_of_Electron_launches,"First 10-launch Synspective tranche. AMBIGUITY: announced timeframe not yet verified verbatim - rocketlabcorp.com returned HTTP 403 this run. To re-verify next run. PARTIALLY FLOWN: booking size shown is as announced, not remaining - see program reconciliation (47 contracted / 13 flown / 34 remaining). est. basis: $9.02M/launch = H1 2026 disclosed launch services revenue $108.249M / 12 missions flown (Q2 2026 10-Q)"
2026-07-30,Electron,iQPS,3,NET 2027,"LC-1 (Mahia, NZ)",,27063000,Booked,2026-07-30 observed: announced NET 2027.,https://rocketlabcorp.com/updates/rocket-lab-secures-multi-launch-deal-with-iqps-for-three-dedicated-missions/ | https://en.wikipedia.org/wiki/List_of_Electron_launches,"""Rocket Lab Secures Multi-Launch Deal with iQPS for Three Dedicated Missions"". Listed as missions 16-17 of 17 plus one in the iQPS program. AMBIGUITY: timeframe taken from the launch-list manifest; exact press-release wording unverified (rocketlabcorp.com HTTP 403 this run). est. basis: $9.02M/launch = H1 2026 disclosed launch services revenue $108.249M / 12 missions flown (Q2 2026 10-Q)"
2026-04 (exact date unconfirmed),Electron,iQPS,3,2026-2027,"LC-1 (Mahia, NZ)",,27063000,Booked,2026-04 observed: announced for 2026-2027.,https://rocketlabcorp.com/updates/iqps-books-three-new-launches-on-electron-extending-multi-year-partnership-with-rocket-lab/ | https://en.wikipedia.org/wiki/List_of_Electron_launches,"""iQPS Books Three New Launches on Electron, Extending Multi-Year Partnership with Rocket Lab"". AMBIGUITY: exact announcement date unconfirmed (press release inaccessible, HTTP 403); cited reference access-date was 12 April 2026. est. basis: $9.02M/launch = H1 2026 disclosed launch services revenue $108.249M / 12 missions flown (Q2 2026 10-Q)"
Earlier iQPS agreements (dates not individually verified),Electron,iQPS,3,2026-2027,"LC-1 (Mahia, NZ)",,27063000,Booked,2026-10-05 observed: 3 unflown missions remain from iQPS agreements predating the two 2026 tranches.,https://en.wikipedia.org/wiki/List_of_Electron_launches,"Residual of the 17-launch iQPS program supporting a planned 36-satellite SAR constellation. 9 iQPS missions have flown to date (8 of them under the 17-launch program; flight 42, Dec 2023, predates it). This row holds the 3 remaining program missions NOT covered by the Apr-2026 and Jul-2026 tranches, so tranche rows can be summed without double counting. est. basis: $9.02M/launch = H1 2026 disclosed launch services revenue $108.249M / 12 missions flown (Q2 2026 10-Q)"
2026-05-07,Neutron (5) + Electron (3),Undisclosed (confidential commercial customer),8,"""baselined to launch between 2026 and 2029""","LC-3 (Wallops, VA) and LC-1 (Mahia, NZ)",,">190,000,000",Booked,2026-05-07 observed: announced for 2026-2029.,https://spaceflightnow.com/2026/05/07/rocket-lab-announces-five-launch-neutron-deal-as-it-continues-aiming-for-late-2026-debut/ | https://spacenews.com/rocket-lab-signs-first-neutron-launch-customer/,"Largest launch contract in Rocket Lab history and the first publicly acknowledged commercial Neutron bookings. Value undisclosed, but Rocket Lab said it surpassed its previous record contract of $190M - hence the >$190M floor estimate (est., basis: company statement; NOT a disclosed figure). INFERENCE on customer identity: not named by Rocket Lab; no reliable basis to infer. Confidence: LOW."
2023-09-12,HASTE,Leidos,4,between 2024 and 2025,"LC-2 (Wallops/MARS, VA)",,36084000,Slipped,"2023-09-12 announced for 2024-2025. | 2026-10-05 observed: only 1 of 4 flown (""HASTE A La Vista"", 2024-11-24); the remaining 3 are listed NET 2026, i.e. slipped beyond the announced 2025 window.",https://rocketlabcorp.com/updates/rocket-lab-signs-deal-with-leidos-to-launch-four-haste-missions/ | https://en.wikipedia.org/wiki/List_of_Electron_launches,Four HASTE suborbital launches under the Multi-Service Advanced Capability Hypersonic Test Bed (MACH-TB) program. SLIPPAGE IS MATERIAL for revenue timing: 3 of 4 missions remain unflown roughly a year past the announced window. est. basis: $9.02M/launch = H1 2026 disclosed launch services revenue $108.249M / 12 missions flown (Q2 2026 10-Q)
,Neutron,Rocket Lab (in-house / demonstration),1,Q4 2026,"LC-3 (Wallops, VA)",,,Scheduled (date set: target Q4 2026),"2021: Neutron debut originally targeted 2024. | 2025-11-11 observed: debut delayed to 2026 (reported as ""late 2026""). | 2026-01 observed: a propellant tank failure during testing drove the target to Q4 2026. | 2026-08-10 observed: Q2 2026 results state Stage 1 tank production ""is currently aligned with the target delivery of Neutron to the launch pad in Q4 2026.""",https://spacenews.com/rocket-lab-delays-neutron-debut-to-late-2026/ | https://www.sec.gov/Archives/edgar/data/0001819994/000181999426000061/rklb-08102026ex991.htm,"Neutron debut flight. NO NEUTRON FLIGHT HAS OCCURRED AS OF 2026-10-05. Repeatedly slipped - the single largest timing risk in the forward manifest. Note the Q4 2026 language refers to delivery of the vehicle TO THE PAD, not to launch itself; launch could fall beyond Q4 2026."
,Electron,Capella Space,1,2026,"LC-1 (Mahia, NZ) - option to move to LC-2",,9021000,Scheduled,2026-10-05 observed: listed for 2026.,https://en.wikipedia.org/wiki/List_of_Electron_launches,Acadia 10 (Capella-20); fourth of four dedicated Acadia launches for Capella Space. 5 Capella missions have flown to date. Contract includes an option to move any mission to MARS LC-2. est. basis: $9.02M/launch = H1 2026 disclosed launch services revenue $108.249M / 12 missions flown (Q2 2026 10-Q)
,Electron,HawkEye 360,1,2026,"LC-1 (Mahia, NZ) or LC-2 (Wallops, VA)",,9021000,Scheduled,2026-10-05 observed: listed for 2026.,https://en.wikipedia.org/wiki/List_of_Electron_launches,Hawk x 6 cluster; second of two dedicated launches for HawkEye 360. 2 HawkEye 360 missions have flown. est. basis: $9.02M/launch = H1 2026 disclosed launch services revenue $108.249M / 12 missions flown (Q2 2026 10-Q)
,Electron (Photon),Eta Space / NASA,1,2026,"LC-1 (Mahia, NZ)",,9021000,Scheduled,2026-10-05 observed: listed for 2026.,https://en.wikipedia.org/wiki/List_of_Electron_launches,"LOXSAT - Rocket Lab Photon spacecraft carrying an on-orbit cryogenic fluid management technology demonstration, informing the Cryo-Dock propellant depot planned to be operational in 2030. est. basis: $9.02M/launch = H1 2026 disclosed launch services revenue $108.249M / 12 missions flown (Q2 2026 10-Q)"
,Electron,NASA,1,2026,"LC-1 (Mahia, NZ)",,9021000,Scheduled,2026-10-05 observed: listed for 2026.,https://en.wikipedia.org/wiki/List_of_Electron_launches,Aspera astrophysics smallsat mission to LEO. est. basis: $9.02M/launch = H1 2026 disclosed launch services revenue $108.249M / 12 missions flown (Q2 2026 10-Q)
,Electron,Rocket Lab (private science mission),1,NET 2026,"LC-1 (Mahia, NZ)",,,Scheduled,2026-10-05 observed: listed NET 2026.,https://en.wikipedia.org/wiki/List_of_Electron_launches,Venus Life Finder - privately funded Rocket Lab mission; Photon relay satellite performing a Venus flyby to relay data from an atmospheric entry probe. Heliocentric trajectory. Rocket Lab internal mission: NO third-party launch revenue should be assumed.
,HASTE,Undisclosed,1,NET 2026,"LC-2 (Wallops/MARS, VA)",,9021000,Booked,2026-10-05 observed: listed NET 2026.,https://en.wikipedia.org/wiki/List_of_Electron_launches,JAKE 4 suborbital payload. Customer not named. INFERENCE: likely US DoD / hypersonic test customer given HASTE profile and LC-2 Wallops launch. Confidence: MEDIUM-HIGH. est. basis: $9.02M/launch = H1 2026 disclosed launch services revenue $108.249M / 12 missions flown (Q2 2026 10-Q)
